theta,x,z
-1.4,0,0
-1.4,0,0
-1.4,0,0
-1.4,0,0
-1.4,0,0
-1.4,0,0
-1.4,0,0
-1.4,0,0
-1.4,0,0
-1.4,0,0
-1.4,0,0
-1.4,0,0
-1.4,0,0
-1.4,0,0
-1.39,0,0
-1.36,0,0
-1.27,0,0
-1.16,0,0
-1.02,0,0
-0.85,0,0
-0.7,0,0
-0.54,0,0
-0.41,0,0
-0.28,0,0
-0.19,0,0
-0.11,0,0
-0.05,0,0
-0.01,0,0
0,0,0
0,0,0.03
0.01,0,0.09
0.01,0,0.13
0,-0.01,0.18
-0.02,-0.01,0.23
-0.03,-0.01,0.27
-0.05,-0.01,0.32
-0.07,-0.01,0.37
-0.08,0.01,0.42
-0.07,0.04,0.46
-0.06,0.09,0.51
-0.04,0.14,0.54
-0.01,0.2,0.57
0.02,0.26,0.6
0.05,0.32,0.62
0.07,0.36,0.63
0.05,0.39,0.64
0.05,0.41,0.65
0.03,0.41,0.66
0.02,0.42,0.67
0,0.43,0.68
-0.01,0.43,0.68
-0.01,0.44,0.69
-0.01,0.45,0.69
0,0.46,0.7
0,0.47,0.7
0,0.48,0.7
0,0.49,0.7
0,0.5,0.71
0,0.5,0.71
-0.01,0.5,0.71
-0.01,0.5,0.71
-0.01,0.5,0.71
-0.02,0.5,0.71
-0.01,0.5,0.71
-0.01,0.51,0.71
0,0.52,0.71
0,0.52,0.7
0,0.52,0.7
0,0.52,0.7
0,0.52,0.7
0.01,0.52,0.7
0.02,0.52,0.69
0.02,0.52,0.69
0.02,0.51,0.69
0.01,0.49,0.69
0,0.47,0.69
-0.02,0.45,0.69
-0.03,0.44,0.7
-0.03,0.43,0.71
-0.02,0.43,0.71
-0.02,0.43,0.72
-0.02,0.43,0.73
-0.03,0.43,0.73
-0.03,0.43,0.74
-0.04,0.43,0.75
-0.03,0.45,0.75
-0.02,0.47,0.76
0,0.49,0.76
0.01,0.51,0.76
0.02,0.53,0.76
0.02,0.53,0.75
0.01,0.54,0.75
0,0.54,0.75
0,0.54,0.74
-0.01,0.54,0.74
-0.01,0.54,0.74
-0.01,0.55,0.73
0,0.55,0.73
0,0.56,0.72
0.01,0.56,0.71
0.01,0.56,0.71
0.01,0.56,0.7
0.01,0.56,0.7
0.02,0.56,0.69
0.03,0.56,0.69
0.03,0.55,0.68
0.02,0.53,0.68
0,0.5,0.68
-0.02,0.47,0.68
-0.04,0.44,0.68
-0.04,0.43,0.69
-0.04,0.42,0.69
-0.03,0.42,0.7
-0.03,0.42,0.71
-0.03,0.42,0.72
-0.04,0.42,0.72
-0.04,0.43,0.73
-0.03,0.44,0.74
-0.02,0.47,0.74
0,0.49,0.74
0.01,0.5,0.74
0.01,0.52,0.74
0.01,0.52,0.74
0,0.52,0.74
0,0.52,0.74
-0.01,0.52,0.73
-0.01,0.52,0.73
-0.01,0.52,0.73
-0.01,0.52,0.73
-0.01,0.53,0.73
0,0.53,0.72
0,0.54,0.72
0,0.54,0.71
0,0.54,0.71
0,0.54,0.71
0.01,0.54,0.7
0.02,0.54,0.7
0.02,0.53,0.7
0.02,0.52,0.69
0.01,0.5,0.69
-0.01,0.48,0.69
-0.02,0.46,0.7
-0.03,0.45,0.7
-0.03,0.44,0.71
-0.02,0.43,0.71
-0.02,0.43,0.72
-0.02,0.43,0.73
-0.01,0.43,0.73
-0.01,0.43,0.74
-0.01,0.43,0.75
-0.02,0.43,0.75
-0.02,0.43,0.76
-0.03,0.43,0.77
-0.04,0.43,0.77
-0.04,0.44,0.78
-0.04,0.45,0.78
-0.02,0.47,0.79
0,0.5,0.79
0.01,0.52,0.79
0.02,0.54,0.78
0.02,0.55,0.78
0.01,0.55,0.77
0.01,0.55,0.77
0,0.55,0.77
0,0.55,0.76
0,0.55,0.76
0,0.55,0.75
0,0.55,0.74
0.01,0.55,0.74
0.02,0.55,0.73
0.02,0.54,0.73
0.02,0.53,0.73
0,0.51,0.73
-0.02,0.48,0.73
-0.03,0.47,0.73
-0.03,0.46,0.73
-0.02,0.46,0.74
-0.02,0.46,0.74
-0.01,0.46,0.74
-0.01,0.46,0.75
-0.01,0.46,0.75
-0.01,0.46,0.75
-0.02,0.46,0.76
-0.02,0.46,0.76
-0.03,0.46,0.77
-0.03,0.47,0.77
-0.02,0.48,0.77
-0.01,0.5,0.77
0,0.52,0.77
0.01,0.53,0.77
0.01,0.54,0.76
0.01,0.55,0.76
0,0.55,0.76
0,0.55,0.75
0,0.55,0.75
0,0.55,0.74
0,0.55,0.74
0,0.55,0.73
0,0.55,0.73
0,0.55,0.72
0,0.55,0.72
0,0.55,0.72
0,0.55,0.71
0,0.55,0.71
0.01,0.55,0.7
0.02,0.55,0.7
0.03,0.54,0.69
0.03,0.53,0.69
0.02,0.51,0.69
0,0.49,0.69
-0.02,0.47,0.69
-0.03,0.45,0.69
-0.03,0.44,0.7
-0.02,0.44,0.7
-0.01,0.44,0.71
-0.01,0.44,0.71
-0.01,0.44,0.72
-0.01,0.44,0.73
-0.01,0.44,0.73
-0.01,0.44,0.74
-0.01,0.44,0.74
-0.01,0.44,0.75
-0.01,0.44,0.75
-0.01,0.44,0.76
-0.01,0.44,0.76
-0.01,0.44,0.77
-0.01,0.44,0.77
-0.02,0.44,0.78
-0.03,0.44,0.79
-0.04,0.44,0.79
-0.04,0.45,0.8
-0.03,0.47,0.8
-0.02,0.49,0.8
0,0.52,0.8
0.02,0.54,0.8
0.03,0.56,0.79
0.02,0.57,0.78
0.01,0.57,0.78
0.01,0.57,0.77
0.01,0.57,0.77
0.01,0.57,0.76
0.01,0.57,0.75
0.02,0.57,0.75
0.03,0.57,0.74
0.03,0.56,0.73
0.02,0.54,0.73
0,0.52,0.73
-0.02,0.49,0.73
-0.03,0.48,0.73
-0.03,0.47,0.73
-0.02,0.47,0.73
-0.01,0.47,0.73
-0.01,0.47,0.74
0,0.47,0.74
0,0.47,0.74
0,0.47,0.75
0,0.47,0.75
0,0.47,0.75
0,0.46,0.75
-0.01,0.46,0.76
-0.01,0.46,0.76
-0.01,0.46,0.77
-0.01,0.46,0.77
-0.01,0.46,0.77
-0.02,0.46,0.78
-0.02,0.46,0.78
-0.03,0.46,0.79
-0.04,0.46,0.79
-0.03,0.48,0.79
-0.02,0.5,0.79
0,0.52,0.79
0.01,0.54,0.79
0.02,0.56,0.78
0.02,0.57,0.78
0.02,0.58,0.77
0.01,0.58,0.76
0.01,0.58,0.76
0.01,0.58,0.75
0.01,0.58,0.74
0.02,0.58,0.74
0.03,0.57,0.73
0.03,0.56,0.72
0.02,0.55,0.72
0.01,0.52,0.71
-0.01,0.5,0.71
-0.03,0.48,0.71
-0.03,0.47,0.72
-0.02,0.47,0.72
-0.01,0.47,0.72
-0.01,0.47,0.73
0,0.47,0.73
0,0.46,0.73
0,0.46,0.74
0,0.46,0.74
0,0.45,0.74
-0.01,0.45,0.75
-0.01,0.44,0.75
-0.01,0.44,0.76
-0.02,0.44,0.76
-0.02,0.44,0.77
-0.03,0.44,0.77
-0.04,0.45,0.78
-0.04,0.46,0.78
-0.02,0.48,0.79
0,0.51,0.79
0.01,0.54,0.78
0.03,0.56,0.78
0.03,0.57,0.77
0.02,0.58,0.76
0.02,0.58,0.76
0.01,0.58,0.75
0.01,0.58,0.74
0.01,0.58,0.74
0.01,0.58,0.73
0.02,0.58,0.72
0.03,0.58,0.71
0.03,0.57,0.71
0.03,0.55,0.7
0.01,0.53,0.7
-0.01,0.5,0.7
-0.03,0.48,0.7
-0.03,0.47,0.7
-0.02,0.47,0.7
-0.01,0.47,0.71
0,0.47,0.71
0,0.46,0.71
0,0.46,0.72
0,0.45,0.72
-0.01,0.45,0.73
-0.02,0.45,0.73
-0.02,0.45,0.73
-0.03,0.46,0.74
-0.03,0.48,0.74
-0.01,0.01,0.77
-0.01,-0.02,0.82
-0.02,-0.09,0.87
-0.03,-0.04,0.92
-0.1,-0.11,0.98
-0.25,-0.19,1.04
-0.4,0.01,1.1
-0.55,0.03,1.15
-0.68,0.1,1.19
-0.81,0.17,1.22
-0.89,0.17,1.22
-0.87,0.17,1.22
-0.91,0.17,1.22
-1.02,0.17,1.22
-1.12,0.17,1.22
-1.16,0.17,1.22
-1.18,0.17,1.22
-1.21,0.17,1.22
-1.27,0.17,1.22
-1.35,0.17,1.22
-1.37,0.17,1.22
-1.37,0.17,1.22
-1.37,0.17,1.22
-1.37,0.17,1.22
-1.37,0.17,1.22
-1.37,0.17,1.22
-1.37,0.17,1.22
-1.37,0.17,1.22
-1.37,0.17,1.22
-1.37,0.17,1.22
-1.37,0.17,1.22
-1.37,0.17,1.22
-1.37,0.17,1.22
-1.37,0.17,1.22
-1.37,0.17,1.22
-1.37,0.17,1.22
-1.37,0.17,1.22
-1.37,0.17,1.22
-1.37,0.17,1.22
-1.37,0.17,1.22
-1.37,0.17,1.22
-1.37,0.17,1.22
-1.37,0.17,1.22
-1.37,0.17,1.22
-1.37,0.17,1.22
-1.37,0.17,1.22
-1.37,0.17,1.22
-1.37,0.17,1.22
-1.37,0.17,1.22
-1.37,0.17,1.22
-1.37,0.17,1.22
-1.37,0.17,1.22
-1.37,0.17,1.22
-1.37,0.17,1.22
-1.37,0.17,1.22
-1.37,0.17,1.22
-1.37,0.17,1.22
-1.37,0.17,1.22
-1.37,0.17,1.22
-1.37,0.17,1.22
-1.37,0.17,1.22
-1.37,0.17,1.22
-1.37,0.17,1.22
-1.37,0.17,1.22
-1.37,0.17,1.22
-1.37,0.17,1.22
-1.37,0.17,1.22
-1.37,0.17,1.22
-1.37,0.17,1.22
-1.37,0.17,1.22
-1.37,0.17,1.22
-1.37,0.17,1.22
-1.37,0.17,1.22
-1.37,0.17,1.22
-1.37,0.17,1.22
-1.37,0.17,1.22
-1.37,0.17,1.22
-1.37,0.17,1.22
-1.37,0.17,1.22
-1.37,0.17,1.22
-1.37,0.17,1.22
-1.37,0.17,1.22
-1.37,0.17,1.22
-1.37,0.17,1.22
-1.37,0.17,1.22
-1.37,0.17,1.22
-1.37,0.17,1.22
-1.37,0.17,1.22
-1.37,0.17,1.22
-1.37,0.17,1.22
-1.37,0.17,1.22
-1.37,0.17,1.22
